Size, BubbleSort, InsertionSort, QuickSort, MergeSort
100, 0.012720, 0.004780, 0.002430, 0.002590
200, 0.069890, 0.018380, 0.005730, 0.007650
300, 0.132330, 0.027370, 0.006570, 0.008830
400, 0.210520, 0.055340, 0.008440, 0.013260
500, 0.317300, 0.068640, 0.013030, 0.015810
600, 0.470460, 0.096480, 0.013180, 0.020920
700, 0.598560, 0.127670, 0.015090, 0.030740
800, 0.759860, 0.148290, 0.016770, 0.037400
900, 0.921150, 0.196120, 0.020790, 0.044370
1000, 1.148280, 0.277760, 0.020360, 0.055610
1100, 1.372060, 0.287160, 0.027500, 0.060620
1200, 1.589060, 0.474880, 0.064880, 0.074840
1300, 2.335500, 0.416640, 0.046780, 0.082140
1400, 2.341180, 0.473860, 0.058160, 0.100120
1500, 2.569680, 0.548980, 0.063730, 0.101690
1600, 2.990940, 0.580120, 0.071870, 0.102490
1700, 3.284640, 0.709300, 0.083540, 0.128020
1800, 3.652980, 0.785200, 0.114970, 0.131140
1900, 3.976240, 0.872400, 0.090970, 0.130160
2000, 4.137580, 0.871340, 0.101460, 0.134670
2100, 4.758400, 1.030540, 0.114840, 0.149060
2200, 5.231080, 1.105360, 0.122560, 0.148360
2300, 5.564300, 1.137280, 0.113660, 0.162240
2400, 6.524120, 1.342380, 0.132120, 0.171360
2500, 6.469380, 1.497200, 0.170140, 0.186380
2600, 7.340220, 1.474440, 0.175220, 0.181780
2700, 8.224060, 1.644200, 0.153120, 0.201440
2800, 8.295740, 1.660300, 0.166240, 0.202660
2900, 9.241720, 1.884560, 0.193480, 0.225340
3000, 9.905020, 1.992220, 0.197040, 0.229780
3100, 10.008720, 2.111880, 0.193880, 0.227220
3200, 11.130840, 2.324140, 0.237140, 0.250960
3300, 11.813740, 2.474220, 0.214720, 0.253040
3400, 12.941840, 2.503040, 0.222280, 0.265840
3500, 13.776880, 2.861620, 0.236200, 0.283900
3600, 13.818580, 2.765900, 0.292880, 0.295060
3700, 15.197600, 2.942840, 0.261220, 0.309240
3800, 15.694120, 3.089440, 0.271140, 0.319620
3900, 16.295780, 3.232040, 0.268700, 0.309820
4000, 17.082940, 3.464740, 0.262960, 0.324480
4100, 17.888820, 3.558140, 0.297540, 0.324760
4200, 18.364120, 3.624660, 0.325880, 0.358300
4300, 19.003060, 3.893460, 0.301460, 0.349700
4400, 20.784220, 4.158780, 0.292440, 0.356840
4500, 21.013820, 4.342580, 0.311180, 0.375580
4600, 22.566820, 4.356000, 0.328640, 0.412600
4700, 23.305880, 4.809500, 0.322260, 0.383460
4800, 25.336100, 5.201000, 0.325340, 0.401300
4900, 26.095100, 5.100200, 0.353380, 0.401880
5000, 27.209760, 5.270760, 0.365100, 0.408540
5100, 27.636750, 5.385000, 0.397480, 0.445500
5200, 29.077650, 5.594300, 0.382040, 0.420220
5300, 29.703700, 5.900000, 0.380240, 0.471180
5400, 30.280950, 6.067500, 0.404000, 0.472880
5500, 33.005250, 6.600850, 0.436520, 0.467440
5600, 32.528400, 6.447650, 0.413780, 0.469760
5700, 34.582100, 6.878900, 0.453260, 0.499700
5800, 44.150950, 9.167350, 0.598480, 0.642160
5900, 44.409250, 7.928450, 0.491440, 0.512020
6000, 49.185750, 9.881550, 0.552660, 0.547420
6100, 52.325050, 10.717300, 0.566880, 0.648440
6200, 56.478700, 11.681400, 0.677700, 0.708500
6300, 56.241200, 11.602900, 0.519360, 0.659620
6400, 56.482850, 10.366250, 0.538580, 0.613960
6500, 59.753800, 10.442450, 0.531260, 0.669200
6600, 59.647100, 11.313300, 0.604100, 0.644640
6700, 62.654200, 11.020650, 0.615660, 0.666700
6800, 64.302600, 11.505600, 0.558700, 0.670500
6900, 63.595450, 12.352150, 0.596300, 0.794320
7000, 66.812900, 12.818600, 0.668240, 0.727200
7100, 69.059500, 13.222250, 0.722200, 1.029320
7200, 71.051200, 13.108550, 0.704500, 0.825160
7300, 78.145300, 12.807700, 0.834740, 0.729520
7400, 76.774850, 13.590250, 0.657580, 0.857980
7500, 77.256700, 14.902350, 0.732020, 0.776380
7600, 82.107850, 14.950250, 0.781620, 0.821900
7700, 81.511400, 14.507350, 0.731880, 0.879540
7800, 84.821850, 17.249650, 0.704880, 0.801980
7900, 91.133750, 15.486750, 0.657640, 0.786080
8000, 90.457050, 15.700000, 0.717600, 0.897800
8100, 92.226600, 17.507250, 0.704720, 0.808280
8200, 92.392750, 16.977300, 0.712140, 0.769060
8300, 94.931500, 17.886200, 0.842580, 0.770180
8400, 99.802400, 16.925950, 0.754280, 0.965780
8500, 102.561750, 18.595000, 0.902320, 0.850320
8600, 105.534850, 18.688150, 0.801280, 1.134660
8700, 112.601250, 18.028350, 0.783200, 0.888380
8800, 112.269650, 20.757100, 0.784600, 0.983620
8900, 118.406250, 19.848400, 1.215860, 1.218860
9000, 122.090400, 21.412250, 0.779300, 1.004700
9100, 118.784600, 20.570800, 0.777620, 0.979020
9200, 124.452450, 21.461850, 0.835680, 0.957800
9300, 131.212600, 21.592100, 0.833680, 1.010060
9400, 127.977900, 21.825350, 0.862680, 0.972520
9500, 128.410150, 18.839550, 0.786500, 0.859020
9600, 110.496600, 18.753300, 0.725880, 0.868000
9700, 116.669850, 19.277700, 0.800020, 0.897720
9800, 119.713850, 20.425000, 0.763600, 0.918540
9900, 127.574750, 20.116450, 0.818760, 0.958080
10000, 122.235500, 21.062950, 0.820400, 0.932880
10100, 127.454000, 22.346500, 0.818750, 0.993150
10200, 134.016700, 25.762000, 0.891750, 0.955350
10300, 156.189700, 25.972300, 0.958100, 0.985150
10400, 157.070200, 22.584600, 0.838300, 0.998550
10500, 144.594300, 24.065900, 0.855900, 1.019950
10600, 144.333800, 20.973300, 0.802550, 0.937150
10700, 146.864300, 22.461400, 0.872650, 1.094450
10800, 149.485200, 25.530900, 0.886150, 1.022400
10900, 152.513300, 23.554100, 0.898200, 1.067700
11000, 154.736000, 23.066500, 0.859100, 1.031500
11100, 192.497800, 30.546800, 0.880150, 1.224700
11200, 197.254700, 31.033000, 1.049700, 1.178250
11300, 203.350000, 36.153700, 1.000800, 1.411550
11400, 207.075400, 34.682200, 1.354950, 1.540600
11500, 212.712900, 33.346000, 1.342900, 1.172600
11600, 212.669600, 31.351900, 1.028850, 1.275600
11700, 215.119600, 31.581400, 0.952250, 1.542450
11800, 216.795800, 34.686700, 1.197050, 1.314150
11900, 227.486700, 33.913800, 1.160150, 1.162950
12000, 231.960600, 33.621600, 1.298400, 1.553300
12100, 238.836000, 31.809000, 1.138350, 1.453050
12200, 234.085500, 37.245000, 1.240100, 1.312800
12300, 237.240100, 39.012800, 1.043150, 1.329500
12400, 228.400500, 32.525700, 1.005950, 1.175100
12500, 221.586900, 38.826000, 1.021450, 1.332800
12600, 258.580200, 39.550800, 1.003500, 1.259250
12700, 260.544200, 38.979100, 1.064950, 1.193300
12800, 255.344700, 39.912700, 1.094050, 1.276700
12900, 271.863400, 40.886900, 1.186150, 1.359050
13000, 276.762300, 42.404100, 1.104600, 1.375100
13100, 277.290900, 41.252300, 1.156450, 1.583500
13200, 282.193700, 43.792400, 1.704900, 1.753500
13300, 286.538200, 38.666600, 1.315900, 1.551000
13400, 286.255000, 40.344300, 1.087650, 1.535600
13500, 298.815900, 43.164300, 1.028900, 1.403050
13600, 295.358500, 44.227300, 1.314000, 1.263500
13700, 297.315000, 41.928500, 1.250400, 1.447050
13800, 316.971000, 45.686000, 1.624850, 1.400800
13900, 324.630400, 47.959700, 1.434200, 1.418000
14000, 329.398400, 49.278200, 1.241600, 1.455550
14100, 318.291200, 48.159700, 1.202500, 1.827050
14200, 338.653000, 47.285100, 1.122350, 1.514800
14300, 334.790100, 47.696300, 1.256000, 1.444100
14400, 343.276800, 50.442600, 1.284250, 1.523550
14500, 365.775100, 50.683200, 1.904600, 1.481950
14600, 366.311900, 51.775400, 1.807950, 1.638950
14700, 374.798500, 52.723200, 1.469650, 1.480600
14800, 378.762700, 50.865200, 1.480400, 1.613800
14900, 389.132700, 50.636900, 1.390500, 1.855150
15000, 393.674500, 53.012800, 1.462050, 1.735750
15100, 404.274000, 54.297800, 1.417400, 1.686150
15200, 406.093800, 60.329400, 1.466800, 1.786300
15300, 399.259900, 56.937400, 1.946550, 1.602550
15400, 419.059300, 57.194500, 1.569300, 1.628200
15500, 412.424800, 58.622500, 1.332550, 1.715700
15600, 429.460800, 63.114400, 1.872550, 1.979700
15700, 431.263400, 57.778700, 1.332950, 1.882800
15800, 437.125500, 59.264300, 1.510650, 1.936700
15900, 394.332600, 48.838700, 1.282750, 1.552500
16000, 384.930200, 52.536200, 1.410300, 1.567850
16100, 377.705300, 54.595500, 1.409500, 1.712650
16200, 380.520600, 50.362400, 1.326150, 1.579450
16300, 463.464600, 62.878700, 1.504100, 1.573500
16400, 474.169300, 66.163000, 1.524650, 1.867150
16500, 481.478700, 64.229400, 1.365600, 1.826800
16600, 490.862800, 67.926900, 1.661750, 1.897000
16700, 510.367000, 63.319200, 1.797750, 3.649200
16800, 519.241700, 70.569200, 1.953100, 1.871500
16900, 527.548600, 68.136200, 1.463000, 1.808500
17000, 531.830200, 67.824200, 1.492900, 1.727300
17100, 523.223900, 67.258900, 1.680050, 1.880800
17200, 529.697600, 68.271400, 1.450750, 1.969550
17300, 544.215300, 69.781900, 2.304100, 2.702850
17400, 546.403500, 73.946600, 1.660900, 2.251150
17500, 551.682500, 77.534900, 1.577950, 2.274750
17600, 548.141300, 73.674600, 1.555250, 2.390800
17700, 576.427500, 81.141100, 1.581950, 2.249850
17800, 571.079100, 74.496300, 1.823800, 2.160250
17900, 585.067000, 72.436000, 1.762250, 2.662500
18000, 585.054800, 76.982400, 1.629650, 1.812200
18100, 595.224200, 78.538900, 1.846900, 2.072650
18200, 614.710100, 74.192700, 1.652050, 2.081150
18300, 609.836300, 82.724600, 1.668200, 2.075150
18400, 631.817100, 79.613800, 1.867700, 2.148950
18500, 639.813800, 79.965000, 1.786800, 2.004250
18600, 637.850600, 84.959200, 1.898300, 2.203800
18700, 659.983300, 83.374200, 1.893250, 1.908700
18800, 646.024500, 86.417600, 1.937900, 2.013600
18900, 652.344400, 86.391700, 1.784250, 2.304400
19000, 670.851900, 87.609300, 1.834000, 2.088700
19100, 680.937100, 84.903600, 2.327500, 2.151200
19200, 692.738300, 86.761000, 1.722400, 1.893400
19300, 583.796200, 70.901200, 1.743800, 2.134000
19400, 629.019000, 98.200900, 1.892700, 2.076500
19500, 726.706900, 108.406800, 1.881000, 2.679750
19600, 717.469700, 88.754300, 2.421250, 2.275100
19700, 743.730600, 96.531300, 2.097450, 2.225450
19800, 644.442400, 77.490900, 1.695350, 1.846000
19900, 610.982400, 81.266000, 2.082250, 2.383700
20000, 755.133900, 99.617400, 2.006600, 2.857700
20100, 763.893900, 98.174500, 2.120500, 2.686500
20200, 772.001600, 98.802800, 2.322300, 2.588100
20300, 716.213800, 85.278600, 1.734800, 1.970900
20400, 806.711700, 97.990900, 1.730200, 2.257600
20500, 785.927800, 98.448400, 1.724100, 2.006100
20600, 785.098100, 97.871100, 2.177200, 2.727800
20700, 777.859800, 104.007500, 1.743300, 2.024800
20800, 795.665700, 108.882400, 1.920900, 2.189200
20900, 833.974100, 106.999200, 2.374900, 2.405400
21000, 835.625100, 103.010600, 2.058200, 3.276700
21100, 769.692900, 99.155200, 1.961200, 2.483700
21200, 862.344000, 108.569600, 1.970200, 2.210100
21300, 845.488600, 108.237900, 2.111100, 2.468200
21400, 850.481100, 102.652300, 2.203300, 2.392200
21500, 846.256900, 109.714500, 2.338900, 2.508100
21600, 880.631600, 114.807600, 2.505200, 2.598800
21700, 899.432600, 118.689600, 2.490800, 2.441700
21800, 887.846600, 109.775700, 2.494100, 2.925200
21900, 904.144900, 113.799800, 2.086100, 3.041200
22000, 938.920500, 116.218100, 2.059800, 2.403600
22100, 960.360000, 129.582700, 1.871600, 2.611500
22200, 896.248300, 115.856300, 2.642800, 3.205100
22300, 945.053800, 115.613600, 2.286700, 4.099900
22400, 924.732500, 124.120300, 2.457200, 2.612300
22500, 952.397500, 125.143000, 2.216900, 2.998100
22600, 966.854500, 119.276500, 2.515600, 2.792300
22700, 1001.738600, 128.744900, 2.157600, 2.775000
22800, 1006.758200, 128.513800, 2.226600, 2.584300
22900, 956.820000, 122.939000, 2.727700, 2.487500
23000, 1021.329000, 125.111200, 3.318900, 3.019300
23100, 1030.876000, 122.397900, 2.125400, 2.695000
23200, 1042.228100, 124.157500, 2.094800, 2.860700
23300, 1069.603500, 134.003300, 2.349400, 2.657500
23400, 1056.725300, 133.529300, 2.660300, 2.647100
23500, 1078.002700, 133.744000, 2.668300, 2.507600
23600, 1096.252700, 137.415900, 2.102500, 3.537300
23700, 1112.079600, 128.385500, 2.576500, 4.025400
23800, 1116.311400, 131.087600, 2.106300, 2.594800
23900, 1126.519200, 131.366300, 2.356000, 3.332300
24000, 1117.816100, 135.576700, 2.213600, 2.747800
24100, 1148.424300, 133.453200, 2.249600, 2.694900
24200, 1153.408000, 136.042900, 2.457200, 2.499800
24300, 1168.074700, 137.659700, 2.443900, 2.586600
24400, 1173.614500, 140.453200, 2.230100, 3.208000
24500, 1165.493600, 137.015600, 3.102200, 2.694000
24600, 1171.448900, 150.128600, 2.608700, 2.784600
24700, 1193.099900, 138.328900, 2.218500, 2.519100
24800, 1189.840300, 136.938100, 2.223900, 2.673200
24900, 1011.968700, 117.727500, 2.045700, 2.483000
25000, 1038.762700, 120.106700, 2.163900, 2.464500
